feature,coef,abs_coef
pain_location_LLQ,0.26238235439925706,0.26238235439925706
