{
  "base": "google/medgemma-27b-text-it",
  "adapter": "runs/medgemma-27b-lora-deviate-cls",
  "arms": {
    "base": {
      "platt": {
        "a": -0.152713731496141,
        "b": -0.13779600765246838
      },
      "test_z": [
        -1.625003382558134,
        -1.2500030398321087,
        -2.6250025182930585,
        -0.87500351666813,
        -1.0000025927986371,
        -3.000002425161256,
        0.24999773502599965,
        -2.7500046342502174,
        -0.25000369548115486,
        -1.3750017732365905,
        -1.2500020563581984,
        -2.3750028312167615,
        -1.3750028461176953,
        1.4999972581902057,
        -2.000002950425369,
        -0.6250025331942197,
        -1.875002816315373,
        -2.000002145764711,
        -2.125003106887334,
        -1.500002712007472,
        -2.125004678953701,
        -1.87500305473327,
        -1.250002652403282,
        -2.25000296532653,
        -1.5000034272611629,
        -1.6250019669512312,
        -2.5000021085122626,
        -2.8750045969973144,
        -2.7500021904681944,
        -1.7500038146899897,
        -2.750004604447895,
        -1.2500020563581984,
        0.24999654293651474,
        -0.6250019073468138,
        0.8749980926531862,
        0.249997973444124,
        -0.7500023543807401,
        -1.7500032931511669,
        -2.6250057518309404,
        -1.5000050067774282,
        -1.6250026076997983,
        -2.3750029206235013,
        -0.6250020861605208,
        -1.7500021904684218,
        -0.8750033080523281,
        -1.0000031590409435,
        -1.625002786513278,
        -1.625002831216534,
        -2.000003814689535,
        -2.8750039935030145,
        -2.1250044405355766,
        -1.750004991876267,
        -1.250005066382073,
        -2.7500027716118893,
        -1.1250023245784178,
        -2.3750016838296233
      ],
      "test_raw": [
        0.1645159979617816,
        0.22269961261626273,
        0.06754653252729022,
        0.29421424191850987,
        0.26894091159514794,
        0.04742576361700218,
        0.5621759433984216,
        0.06008638844949217,
        0.4378225895305465,
        0.2018129366193422,
        0.22269978286006392,
        0.08509882457667647,
        0.2018127637949077,
        0.8175740672620845,
        0.11920261224672765,
        0.348644560066772,
        0.1329639155199483,
        0.11920269673077123,
        0.10669029783569255,
        0.18242511932041228,
        0.10669014800610423,
        0.13296388803405962,
        0.22269967968194143,
        0.09534920911644532,
        0.18242501264306996,
        0.1645161925377285,
        0.07585803220682975,
        0.05340309741558616,
        0.0600865264647092,
        0.14804671688844273,
        0.06008639013260859,
        0.22269978286006392,
        0.5621756499844653,
        0.34864470219143096,
        0.7057846317714789,
        0.5621760020812636,
        0.32082078781704676,
        0.14804678266956578,
        0.06754632886643,
        0.18242477706445398,
        0.16451610446646286,
        0.08509881761573489,
        0.34864466158434587,
        0.14804692174981762,
        0.2942142852380465,
        0.26894080026530137,
        0.16451607988845218,
        0.1645160737439656,
        0.11920252150476789,
        0.05340312792295942,
        0.10669017072910843,
        0.14804656841130986,
        0.2226992618115514,
        0.06008649364396735,
        0.24508458304296452,
        0.08509891390885621
      ],
      "test_cal": [
        0.527563109118422,
        0.5132710375162898,
        0.5653927621376532,
        0.4989572626242387,
        0.5037294607841126,
        0.5794084647751048,
        0.45611965439855395,
        0.5700775257497286,
        0.4751163218565795,
        0.5180385787653787,
        0.5132709999952485,
        0.555989089867445,
        0.5180386196729847,
        0.4092984779472054,
        0.5418101153589127,
        0.48941419742103565,
        0.5370675346038808,
        0.5418100848530392,
        0.5465451328992237,
        0.5228029219672905,
        0.5465451923981405,
        0.5370675436562754,
        0.5132710227352846,
        0.5512717326731864,
        0.5228029492177593,
        0.5275630552370079,
        0.5606963522952508,
        0.5747496920540432,
        0.5700774342826865,
        0.5323182807419058,
        0.5700775246342731,
        0.5132709999952485,
        0.4561196995601312,
        0.48941417353787264,
        0.432558463566967,
        0.45611964536622995,
        0.4941851747995673,
        0.5323182609135589,
        0.56539288347744,
        0.5228030093957896,
        0.5275630796254444,
        0.555989093238053,
        0.4894141803616398,
        0.5323182189907428,
        0.4989572546596489,
        0.5037294824011538,
        0.5275630864315167,
        0.5275630881330305,
        0.5418101481244427,
        0.5747496695285323,
        0.5465451833745901,
        0.5323183254972655,
        0.513271114832285,
        0.570077456034011,
        0.5085010045531512,
        0.5559890466112831
      ],
      "test_y": [
        1,
        1,
        1,
        0,
        1,
        1,
        0,
        1,
        0,
        1,
        1,
        1,
        1,
        1,
        1,
        0,
        0,
        0,
        1,
        1,
        0,
        1,
        0,
        1,
        0,
        1,
        0,
        0,
        0,
        1,
        0,
        0,
        0,
        1,
        1,
        1,
        1,
        0,
        0,
        0,
        1,
        1,
        0,
        1,
        1,
        0,
        1,
        0,
        0,
        1,
        0,
        1,
        1,
        0,
        1,
        1
      ],
      "metrics_cal": {
        "auroc": 0.478515625,
        "auprc": 0.5785767086426001,
        "brier": 0.2499891351972124,
        "logloss": 0.6931920420440212,
        "acc@0.5": 0.5714285714285714,
        "ece": 0.04716600222771898
      }
    },
    "sft": {
      "platt": {
        "a": 0.2718972403404591,
        "b": -0.15918385393320872
      },
      "test_z": [
        2.24999906867788,
        1.1249981224555086,
        1.4999990016226548,
        1.1250262856499376,
        1.3749983906759553,
        2.2499988675123177,
        2.37499801814738,
        0.6249992847444901,
        0.874998837710109,
        2.874998774380174,
        2.8749982789174737,
        1.2499990761284607,
        2.7499979659935434,
        2.374997958542963,
        -0.2500010728830375,
        0.37499833107131053,
        -1.0000014901150962,
        -0.12500143051045143,
        -0.37500131130127556,
        0.1249984502804864,
        0.49999833107131053,
        -9.536738616588991e-07,
        -0.6250017881377516,
        0.49999833107131053,
        -0.8750011920922134,
        0.6249990761284607,
        0.24999868869872444,
        -0.750000983476184,
        -0.37500071525550993,
        1.3749986439952409,
        -0.12500095367386166,
        2.874998480082809,
        1.8749972283881107,
        2.999998662621806,
        2.2499981448072504,
        3.874998493121325,
        1.9999982118622484,
        -1.5000006407497608,
        -2.250000923871653,
        -0.2500027418097943,
        -0.6250011026853599,
        -1.6250004470347221,
        0.6249975562127474,
        -0.12500107288303752,
        0.8749980926531862,
        0.7499980032464464,
        -1.12500071525551,
        0.3749980926531862,
        -1.7500007599589935,
        -2.3750004842875683,
        -0.2500019073468138,
        0.874997764828322,
        1.2499974668057803,
        -1.62500071525551,
        1.3749984800828088,
        -1.3750006705520263
      ],