{
  "base": "google/medgemma-27b-text-it",
  "adapter": "runs/medgemma-27b-lora-devreason",
  "arms": {
    "sft": {
      "platt": {
        "a": 0.4443693579756744,
        "b": -0.21636815255536737
      },
      "test_z": [
        0.8749983906758416,
        -0.4999999701976776,
        1.2499998509883952,
        0.25,
        1.6249997168779657,
        1.624999731779127,
        1.6249999850988388,
        -0.12500011920928245,
        0.6249999701976776,
        1.8750000596046448,
        1.3749789448811498,
        0.25,
        -0.5,
        0.7500000298023224,
        -1.2499999701976776,
        0.4999973773990405,
        -1.625,
        -1.5000000596046448,
        1.125,
        0.24999976158144932,
        -0.375,
        -1.5000095665000117,
        -0.375,
        -1.3750000149011612,
        -0.375,
        1.4999998807907176,
        -0.75,
        -1.25,
        -1.1249999701976776,
        0.24999988079071755,
        -1.4999999850988388,
        -0.25,
        1.3749997764826105,
        2.1249989643697518,
        2.9999967366511555,
        1.7499979883452852,
        2.1249999925494265,
        0.7499999701976776,
        -1.25,
        0.125,
        1.499999731779127,
        0.875,
        2.6249898002079135,
        1.374999836087234,
        0.7499999701976776,
        1.124999821186094,
        1.1249997615814493,
        0.6249997615814493,
        -0.9999999701976776,
        -1.3750000447034836,
        0.125,
        -1.311301275563892e-06,
        -1.0132738680113107e-05,
        -0.5,
        0.749999344349078,
        0.4999999701976776
      ],
      "test_raw": [
        0.7057846936566797,
        0.37754067580180184,
        0.7772998353800679,
        0.5621765008857981,
        0.835483498188084,
        0.835483500236261,
        0.8354835350552604,
        0.4687905969400361,
        0.651354857898194,
        0.8670357666736773,
        0.7981833860619695,
        0.5621765008857981,
        0.3775406687981454,
        0.6791787056691698,
        0.22270014398423357,
        0.6224587148806955,
        0.16451646289656316,
        0.1824255149165352,
        0.7549149868676283,
        0.5621764422028659,
        0.40733340004593027,
        0.1824240970011556,
        0.40733340004593027,
        0.20181321986003053,
        0.40733340004593027,
        0.8175744584140014,
        0.320821300824607,
        0.22270013882530884,
        0.24508501864634824,
        0.5621764715443305,
        0.18242552602881168,
        0.43782349911420193,
        0.7981867417343993,
        0.8933093073507601,
        0.9525739793950152,
        0.8519525482396804,
        0.8933094053442517,
        0.6791786926816161,
        0.22270013882530884,
        0.5312093733737563,
        0.8175744361894486,
        0.7057850278370112,
        0.9324526664324488,
        0.79818675133579,
        0.6791786926816161,
        0.754914953783773,
        0.7549149427558189,
        0.6513548105231771,
        0.2689414272294874,
        0.20181321505933414,
        0.5312093733737563,
        0.4999996721746811,
        0.49999746681533,
        0.3775406687981454,
        0.6791785563123226,
        0.622459324198198
      ],
      "test_cal": [
        0.5430070453703346,
        0.39208585765694126,
        0.583970301280583,
        0.47370532756416,
        0.6238054071068897,
        0.6238054086607998,
        0.6238054350772689,
        0.4324371791953992,
        0.5153358589260978,
        0.6494959684259626,
        0.5973968651068186,
        0.47370532756416,
        0.3920858545003552,
        0.529193976189346,
        0.31608340881268593,
        0.5014538361600396,
        0.28120983067277144,
        0.2925725901487607,
        0.570415694806295,
        0.4737053011509375,
        0.4054019319636491,
        0.2925717157733075,
        0.4054019319636491,
        0.3042001812886534,
        0.4054019319636491,
        0.6106834161294483,
        0.36594673593812727,
        0.3160834059498329,
        0.3282118691323544,
        0.473705314357548,
        0.29257259700127175,
        0.41885865255033616,
        0.5973990915235764,
        0.6743478465717883,
        0.7533832353148209,
        0.6367480382489334,
        0.674347946906455,
        0.5291939695903007,
        0.3160834059498329,
        0.45988093603419594,
        0.6106834003866044,
        0.5430072228311982,
        0.7211346608868576,
        0.5973990978939274,
        0.5291939695903007,
        0.5704156753354289,
        0.5704156688451391,
        0.5153358357722355,
        0.3405739624766492,
        0.30420017848555725,
        0.45988093603419594,
        0.44611786197063336,
        0.4461168933575271,
        0.3920858545003552,
        0.5291939003003431,
        0.5014541241976703
      ],
      "test_y": [
        1,
        1,
        1,
        0,
        1,
        1,
        0,
        1,
        0,
        1,
        1,
        1,
        1,
        1,
        1,
        0,
        0,
        0,
        1,
        1,
        0,
        1,
        0,
        1,
        0,
        1,
        0,
        0,
        0,
        1,
        0,
        0,
        0,
        1,
        1,
        1,
        1,
        0,
        0,
        0,
        1,
        1,
        0,
        1,
        1,
        0,
        1,
        0,
        0,
        1,
        0,
        1,
        1,
        0,
        1,
        1
      ],
      "metrics_cal": {
        "auroc": 0.701171875,
        "auprc": 0.7435931676283233,
        "brier": 0.2265196961003436,
        "logloss": 0.6456626940098206,
        "acc@0.5": 0.6428571428571429,
        "ece": 0.10785677478933249
      }
    }
  }
}